<?xml version="1.0" encoding="ISO-8859-1"?>
<JDBOR date="2023-06-21 18:11:11" version="1.3.25 / 4.1.7 [2023-04-17] (orientdb version)" copyright="Orphanet (c) 2023" dbserver="jdbc:sybase:Tds:canard.orpha.net:2020">
  <Availability> 
    <Licence>
      <FullName lang="en">Creative Commons Attribution 4.0 International</FullName>
      <ShortIdentifier>CC-BY-4.0</ShortIdentifier>
      <LegalCode>https://creativecommons.org/licenses/by/4.0/legalcode</LegalCode>
    </Licence>
  </Availability>
  <ClassificationList count="1">
    <Classification id="197">
      <OrphaNumber>162958</OrphaNumber>
      <Name lang="en">Orphanet classification of rare odontological diseases</Name>
      <ClassificationNodeRootList count="1">
        <ClassificationNode>
          <Disorder id="13044">
            <OrphaCode>98026</OrphaCode>
            <ExpertLink lang="en">http://www.orpha.net/consor/cgi-bin/OC_Exp.php?lng=en&amp;Expert=98026</ExpertLink>
            <Name lang="en">Rare odontologic disease</Name>
            <DisorderType id="36561">
              <Name lang="en">Category</Name>
            </DisorderType>
          </Disorder>
          <ClassificationNodeChildList count="4">
            <ClassificationNode>
              <Disorder id="13045">
                <OrphaCode>98027</OrphaCode>
                <ExpertLink lang="en">http://www.orpha.net/consor/cgi-bin/OC_Exp.php?lng=en&amp;Expert=98027</ExpertLink>
                <Name lang="en">Rare disease with odontological manifestation</Name>
                <DisorderType id="36561">
                  <Name lang="en">Category</Name>
                </DisorderType>
              </Disorder>
              <ClassificationNodeChildList count="25">
                <ClassificationNode>
                  <Disorder id="28140">
                    <OrphaCode>557003</OrphaCode>
                    <ExpertLink lang="en">http://www.orpha.net/consor/cgi-bin/OC_Exp.php?lng=en&amp;Expert=557003</ExpertLink>
                    <Name lang="en">Oculoskeletodental syndrome</Name>
                    <DisorderType id="21394">
                      <Name lang="en">Disease</Name>
                    </DisorderType>
                  </Disorder>
                  <ClassificationNodeChildList count="0">
                  </ClassificationNodeChildList>
                </ClassificationNode>
                <ClassificationNode>
                  <Disorder id="19266">
                    <OrphaCode>238468</OrphaCode>
                    <ExpertLink lang="en">http://www.orpha.net/consor/cgi-bin/OC_Exp.php?lng=en&amp;Expert=238468</ExpertLink>
                    <Name lang="en">Hypohidrotic ectodermal dysplasia</Name>
                    <DisorderType id="21394">
                      <Name lang="en">Disease</Name>
                    </DisorderType>
                  </Disorder>
                  <ClassificationNodeChildList count="3">
                    <ClassificationNode>
                      <Disorder id="180">
                        <OrphaCode>181</OrphaCode>
                        <ExpertLink lang="en">http://www.orpha.net/consor/cgi-bin/OC_Exp.php?lng=en&amp;Expert=181</ExpertLink>
                        <Name lang="en">X-linked hypohidrotic ectodermal dysplasia</Name>
                        <DisorderType id="21443">
                          <Name lang="en">Etiological subtype</Name>
                        </DisorderType>
                      </Disorder>
                      <ClassificationNodeChildList count="0">
                      </ClassificationNodeChildList>
                    </ClassificationNode>
                    <ClassificationNode>
                      <Disorder id="7026">
                        <OrphaCode>248</OrphaCode>
                        <ExpertLink lang="en">http://www.orpha.net/consor/cgi-bin/OC_Exp.php?lng=en&amp;Expert=248</ExpertLink>
                        <Name lang="en">Autosomal recessive hypohidrotic ectodermal dysplasia</Name>
                        <DisorderType id="21443">
                          <Name lang="en">Etiological subtype</Name>
                        </DisorderType>
                      </Disorder>
                      <ClassificationNodeChildList count="0">
                      </ClassificationNodeChildList>
                    </ClassificationNode>
                    <ClassificationNode>
                      <Disorder id="7027">
                        <OrphaCode>1810</OrphaCode>
                        <ExpertLink lang="en">http://www.orpha.net/consor/cgi-bin/OC_Exp.php?lng=en&amp;Expert=1810</ExpertLink>
                        <Name lang="en">Autosomal dominant hypohidrotic ectodermal dysplasia</Name>
                        <DisorderType id="21443">
                          <Name lang="en">Etiological subtype</Name>
                        </DisorderType>
                      </Disorder>
                      <ClassificationNodeChildList count="0">
                      </ClassificationNodeChildList>
                    </ClassificationNode>
                  </ClassificationNodeChildList>
                </ClassificationNode>
                <ClassificationNode>
                  <Disorder id="360">
                    <OrphaCode>464</OrphaCode>
                    <ExpertLink lang="en">http://www.orpha.net/consor/cgi-bin/OC_Exp.php?lng=en&amp;Expert=464</ExpertLink>
                    <Name lang="en">Incontinentia pigmenti</Name>
                    <DisorderType id="21401">
                      <Name lang="en">Malformation syndrome</Name>
                    </DisorderType>
                  </Disorder>
                  <ClassificationNodeChildList count="0">
                  </ClassificationNodeChildList>
                </ClassificationNode>
                <ClassificationNode>
                  <Disorder id="996">
                    <OrphaCode>184</OrphaCode>
                    <ExpertLink lang="en">http://www.orpha.net/consor/cgi-bin/OC_Exp.php?lng=en&amp;Expert=184</ExpertLink>
                    <Name lang="en">Cherubism</Name>
                    <DisorderType id="21401">
                      <Name lang="en">Malformation syndrome</Name>
                    </DisorderType>
                  </Disorder>
                  <ClassificationNodeChildList count="0">
                  </ClassificationNodeChildList>
                </ClassificationNode>
                <ClassificationNode>
                  <Disorder id="2180">
                    <OrphaCode>2325</OrphaCode>
                    <ExpertLink lang="en">http://www.orpha.net/consor/cgi-bin/OC_Exp.php?lng=en&amp;Expert=2325</ExpertLink>
                    <Name lang="en">Epidermolysis bullosa simplex with anodontia/hypodontia</Name>
                    <DisorderType id="21401">
                      <Name lang="en">Malformation syndrome</Name>
                    </DisorderType>
                  </Disorder>
                  <ClassificationNodeChildList count="0">
                  </ClassificationNodeChildList>
                </ClassificationNode>
                <ClassificationNode>
                  <Disorder id="10864">
                    <OrphaCode>65282</OrphaCode>
                    <ExpertLink lang="en">http://www.orpha.net/consor/cgi-bin/OC_Exp.php?lng=en&amp;Expert=65282</ExpertLink>
                    <Name lang="en">Carvajal syndrome</Name>
                    <DisorderType id="21394">
                      <Name lang="en">Disease</Name>
                    </DisorderType>
                  </Disorder>
                  <ClassificationNodeChildList count="0">
                  </ClassificationNodeChildList>
                </ClassificationNode>
                <ClassificationNode>
                  <Disorder id="11082">
                    <OrphaCode>75392</OrphaCode>
                    <ExpertLink lang="en">http://www.orpha.net/consor/cgi-bin/OC_Exp.php?lng=en&amp;Expert=75392</ExpertLink>
                    <Name lang="en">Periodontal Ehlers-Danlos syndrome</Name>
                    <DisorderType id="21394">
                      <Name lang="en">Disease</Name>
                    </DisorderType>
                  </Disorder>
                  <ClassificationNodeChildList count="0">
                  </ClassificationNodeChildList>
                </ClassificationNode>
                <ClassificationNode>
                  <Disorder id="14365">
                    <OrphaCode>99792</OrphaCode>
                    <ExpertLink lang="en">http://www.orpha.net/consor/cgi-bin/OC_Exp.php?lng=en&amp;Expert=99792</ExpertLink>
                    <Name lang="en">Dentin dysplasia-sclerotic bones syndrome</Name>
                    <DisorderType id="21394">
                      <Name lang="en">Disease</Name>
                    </DisorderType>
                  </Disorder>
                  <ClassificationNodeChildList count="0">
                  </ClassificationNodeChildList>
                </ClassificationNode>
                <ClassificationNode>
                  <Disorder id="17687">
                    <OrphaCode>167762</OrphaCode>
                    <ExpertLink lang="en">http://www.orpha.net/consor/cgi-bin/OC_Exp.php?lng=en&amp;Expert=167762</ExpertLink>
                    <Name lang="en">Rare disease with dentinogenesis imperfecta</Name>
                    <DisorderType id="36561">
                      <Name lang="en">Category</Name>
                    </DisorderType>
                  </Disorder>
                  <ClassificationNodeChildList count="5">
                    <ClassificationNode>
                      <Disorder id="313">
                        <OrphaCode>2771</OrphaCode>
                        <ExpertLink lang="en">http://www.orpha.net/consor/cgi-bin/OC_Exp.php?lng=en&amp;Expert=2771</ExpertLink>
                        <Name lang="en">Bruck syndrome</Name>
                        <DisorderType id="21401">
                          <Name lang="en">Malformation syndrome</Name>
                        </DisorderType>
                      </Disorder>
                      <ClassificationNodeChildList count="0">
                      </ClassificationNodeChildList>
                    </ClassificationNode>
                    <ClassificationNode>
                      <Disorder id="612">
                        <OrphaCode>287</OrphaCode>
                        <ExpertLink lang="en">http://www.orpha.net/consor/cgi-bin/OC_Exp.php?lng=en&amp;Expert=287</ExpertLink>
                        <Name lang="en">Classical Ehlers-Danlos syndrome</Name>
                        <DisorderType id="21394">
                          <Name lang="en">Disease</Name>
                        </DisorderType>
                      </Disorder>
                      <ClassificationNodeChildList count="0">
                      </ClassificationNodeChildList>
                    </ClassificationNode>
                    <ClassificationNode>
                      <Disorder id="18793">
                        <OrphaCode>216812</OrphaCode>
                        <ExpertLink lang="en">http://www.orpha.net/consor/cgi-bin/OC_Exp.php?lng=en&amp;Expert=216812</ExpertLink>
                        <Name lang="en">Osteogenesis imperfecta type 3</Name>
                        <DisorderType id="21450">
                          <Name lang="en">Clinical subtype</Name>
                        </DisorderType>
                      </Disorder>
                      <ClassificationNodeChildList count="0">
                      </ClassificationNodeChildList>
                    </ClassificationNode>
                    <ClassificationNode>
                      <Disorder id="18794">
                        <OrphaCode>216820</OrphaCode>
                        <ExpertLink lang="en">http://www.orpha.net/consor/cgi-bin/OC_Exp.php?lng=en&amp;Expert=216820</ExpertLink>
                        <Name lang="en">Osteogenesis imperfecta type 4</Name>
                        <DisorderType id="21450">
                          <Name lang="en">Clinical subtype</Name>
                        </DisorderType>
                      </Disorder>
                      <ClassificationNodeChildList count="0">
                      </ClassificationNodeChildList>
                    </ClassificationNode>
                    <ClassificationNode>
                      <Disorder id="19142">
                        <OrphaCode>230839</OrphaCode>
                        <ExpertLink lang="en">http://www.orpha.net/consor/cgi-bin/OC_Exp.php?lng=en&amp;Expert=230839</ExpertLink>
                        <Name lang="en">Classical-like Ehlers-Danlos syndrome type 1</Name>
                        <DisorderType id="21394">
                          <Name lang="en">Disease</Name>
                        </DisorderType>
                      </Disorder>
                      <ClassificationNodeChildList count="0">
                      </ClassificationNodeChildList>
                    </ClassificationNode>
                  </ClassificationNodeChildList>
                </ClassificationNode>
                <ClassificationNode>
                  <Disorder id="19533">
                    <OrphaCode>247651</OrphaCode>
                    <ExpertLink lang="en">http://www.orpha.net/consor/cgi-bin/OC_Exp.php?lng=en&amp;Expert=247651</ExpertLink>
                    <Name lang="en">Infantile hypophosphatasia</Name>
                    <DisorderType id="21450">
                      <Name lang="en">Clinical subtype</Name>
                    </DisorderType>
                  </Disorder>
                  <ClassificationNodeChildList count="0">
                  </ClassificationNodeChildList>
                </ClassificationNode>
                <ClassificationNode>
                  <Disorder id="19534">
                    <OrphaCode>247667</OrphaCode>
                    <ExpertLink lang="en">http://www.orpha.net/consor/cgi-bin/OC_Exp.php?lng=en&amp;Expert=247667</ExpertLink>
                    <Name lang="en">Childhood-onset hypophosphatasia</Name>
                    <DisorderType id="21450">
                      <Name lang="en">Clinical subtype</Name>
                    </DisorderType>
                  </Disorder>
                  <ClassificationNodeChildList count="0">
                  </ClassificationNodeChildList>
                </ClassificationNode>
                <ClassificationNode>
                  <Disorder id="19535">
                    <OrphaCode>247676</OrphaCode>
                    <ExpertLink lang="en">http://www.orpha.net/consor/cgi-bin/OC_Exp.php?lng=en&amp;Expert=247676</ExpertLink>
                    <Name lang="en">Adult hypophosphatasia</Name>
                    <DisorderType id="21450">
                      <Name lang="en">Clinical subtype</Name>
                    </DisorderType>
                  </Disorder>
                  <ClassificationNodeChildList count="0">
                  </ClassificationNodeChildList>
                </ClassificationNode>
                <ClassificationNode>
                  <Disorder id="19536">
                    <OrphaCode>247685</OrphaCode>
                    <ExpertLink lang="en">http://www.orpha.net/consor/cgi-bin/OC_Exp.php?lng=en&amp;Expert=247685</ExpertLink>
                    <Name lang="en">Odontohypophosphatasia</Name>
                    <DisorderType id="21450">
                      <Name lang="en">Clinical subtype</Name>
                    </DisorderType>
                  </Disorder>
                  <ClassificationNodeChildList count="0">
                  </ClassificationNodeChildList>
                </ClassificationNode>
                <ClassificationNode>
                  <Disorder id="22317">
                    <OrphaCode>363523</OrphaCode>
                    <ExpertLink lang="en">http://www.orpha.net/consor/cgi-bin/OC_Exp.php?lng=en&amp;Expert=363523</ExpertLink>
                    <Name lang="en">Hypohidrosis-enamel hypoplasia-palmoplantar keratoderma-intellectual disability syndrome</Name>
                    <DisorderType id="21394">
                      <Name lang="en">Disease</Name>
                    </DisorderType>
                  </Disorder>
                  <ClassificationNodeChildList count="0">
                  </ClassificationNodeChildList>
                </ClassificationNode>
                <ClassificationNode>
                  <Disorder id="2233">
                    <OrphaCode>2407</OrphaCode>
                    <ExpertLink lang="en">http://www.orpha.net/consor/cgi-bin/OC_Exp.php?lng=en&amp;Expert=2407</ExpertLink>
                    <Name lang="en">Laryngo-onycho-cutaneous syndrome</Name>
                    <DisorderType id="21394">
                      <Name lang="en">Disease</Name>
                    </DisorderType>
                  </Disorder>
                  <ClassificationNodeChildList count="0">
                  </ClassificationNodeChildList>
                </ClassificationNode>
                <ClassificationNode>
                  <Disorder id="11428">
                    <OrphaCode>79402</OrphaCode>
                    <ExpertLink lang="en">http://www.orpha.net/consor/cgi-bin/OC_Exp.php?lng=en&amp;Expert=79402</ExpertLink>
                    <Name lang="en">Intermediate generalized junctional epidermolysis bullosa</Name>
                    <DisorderType id="21394">
                      <Name lang="en">Disease</Name>
                    </DisorderType>
                  </Disorder>
                  <ClassificationNodeChildList count="0">
                  </ClassificationNodeChildList>
                </ClassificationNode>
                <ClassificationNode>
                  <Disorder id="11429">
                    <OrphaCode>79403</OrphaCode>
                    <ExpertLink lang="en">http://www.orpha.net/consor/cgi-bin/OC_Exp.php?lng=en&amp;Expert=79403</ExpertLink>
                    <Name lang="en">Junctional epidermolysis bullosa with pyloric atresia</Name>
                    <DisorderType id="21394">
                      <Name lang="en">Disease</Name>
                    </DisorderType>
                  </Disorder>
                  <ClassificationNodeChildList count="0">
                  </ClassificationNodeChildList>
                </ClassificationNode>
                <ClassificationNode>
                  <Disorder id="11430">
                    <OrphaCode>79404</OrphaCode>
                    <ExpertLink lang="en">http://www.orpha.net/consor/cgi-bin/OC_Exp.php?lng=en&amp;Expert=79404</ExpertLink>
                    <Name lang="en">Severe generalized junctional epidermolysis bullosa</Name>
                    <DisorderType id="21394">
                      <Name lang="en">Disease</Name>
                    </DisorderType>
                  </Disorder>
                  <ClassificationNodeChildList count="0">
                  </ClassificationNodeChildList>
                </ClassificationNode>
                <ClassificationNode>
                  <Disorder id="11431">
                    <OrphaCode>79405</OrphaCode>
                    <ExpertLink lang="en">http://www.orpha.net/consor/cgi-bin/OC_Exp.php?lng=en&amp;Expert=79405</ExpertLink>
                    <Name lang="en">Junctional epidermolysis bullosa inversa</Name>
                    <DisorderType id="21394">
                      <Name lang="en">Disease</Name>
                    </DisorderType>
                  </Disorder>
                  <ClassificationNodeChildList count="0">
                  </ClassificationNodeChildList>
                </ClassificationNode>
                <ClassificationNode>
                  <Disorder id="11432">
                    <OrphaCode>79406</OrphaCode>
                    <ExpertLink lang="en">http://www.orpha.net/consor/cgi-bin/OC_Exp.php?lng=en&amp;Expert=79406</ExpertLink>
                    <Name lang="en">Late-onset junctional epidermolysis bullosa</Name>
                    <DisorderType id="21394">
                      <Name lang="en">Disease</Name>
                    </DisorderType>
                  </Disorder>
                  <ClassificationNodeChildList count="0">
                  </ClassificationNodeChildList>
                </ClassificationNode>
                <ClassificationNode>
                  <Disorder id="19200">
                    <OrphaCode>231556</OrphaCode>
                    <ExpertLink lang="en">http://www.orpha.net/consor/cgi-bin/OC_Exp.php?lng=en&amp;Expert=231556</ExpertLink>
                    <Name lang="en">Late-onset localized junctional epidermolysis bullosa-intellectual disability syndrome</Name>
                    <DisorderType id="21394">
                      <Name lang="en">Disease</Name>
                    </DisorderType>
                  </Disorder>
                  <ClassificationNodeChildList count="0">
                  </ClassificationNodeChildList>
                </ClassificationNode>
                <ClassificationNode>
                  <Disorder id="19640">
                    <OrphaCode>251393</OrphaCode>
                    <ExpertLink lang="en">http://www.orpha.net/consor/cgi-bin/OC_Exp.php?lng=en&amp;Expert=251393</ExpertLink>
                    <Name lang="en">Localized junctional epidermolysis bullosa</Name>
                    <DisorderType id="21394">
                      <Name lang="en">Disease</Name>
                    </DisorderType>
                  </Disorder>
                  <ClassificationNodeChildList count="0">
                  </ClassificationNodeChildList>
                </ClassificationNode>
                <ClassificationNode>
                  <Disorder id="23554">
                    <OrphaCode>447961</OrphaCode>
                    <ExpertLink lang="en">http://www.orpha.net/consor/cgi-bin/OC_Exp.php?lng=en&amp;Expert=447961</ExpertLink>
                    <Name lang="en">Pigmentation defects-palmoplantar keratoderma-skin carcinoma syndrome</Name>
                    <DisorderType id="21394">
                      <Name lang="en">Disease</Name>
                    </DisorderType>
                  </Disorder>
                  <ClassificationNodeChildList count="0">
                  </ClassificationNodeChildList>
                </ClassificationNode>
                <ClassificationNode>
                  <Disorder id="25086">
                    <OrphaCode>476096</OrphaCode>
                    <ExpertLink lang="en">http://www.orpha.net/consor/cgi-bin/OC_Exp.php?lng=en&amp;Expert=476096</ExpertLink>
                    <Name lang="en">Erythrokeratodermia-cardiomyopathy syndrome</Name>
                    <DisorderType id="21394">
                      <Name lang="en">Disease</Name>
                    </DisorderType>
                  </Disorder>
                  <ClassificationNodeChildList count="0">
                  </ClassificationNodeChildList>
                </ClassificationNode>
                <ClassificationNode>
                  <Disorder id="13830">
                    <OrphaCode>98813</OrphaCode>
                    <ExpertLink lang="en">http://www.orpha.net/consor/cgi-bin/OC_Exp.php?lng=en&amp;Expert=98813</ExpertLink>
                    <Name lang="en">Hypohidrotic ectodermal dysplasia with immunodeficiency</Name>
                    <DisorderType id="21394">
                      <Name lang="en">Disease</Name>
                    </DisorderType>
                  </Disorder>
                  <ClassificationNodeChildList count="0">
                  </ClassificationNodeChildList>
                </ClassificationNode>
              </ClassificationNodeChildList>
            </ClassificationNode>
            <ClassificationNode>
              <Disorder id="16857">
                <OrphaCode>139042</OrphaCode>
                <ExpertLink lang="en">http://www.orpha.net/consor/cgi-bin/OC_Exp.php?lng=en&amp;Expert=139042</ExpertLink>
                <Name lang="en">Malformation syndrome with odontal and/or periodontal component</Name>
                <DisorderType id="36561">
                  <Name lang="en">Category</Name>
                </DisorderType>
              </Disorder>
              <ClassificationNodeChildList count="64">
                <ClassificationNode>
                  <Disorder id="2481">
                    <OrphaCode>2720</OrphaCode>
                    <ExpertLink lang="en">http://www.orpha.net/consor/cgi-bin/OC_Exp.php?lng=en&amp;Expert=2720</ExpertLink>
                    <Name lang="en">Oculocerebral hypopigmentation syndrome, Preus type</Name>
                    <DisorderType id="21401">
                      <Name lang="en">Malformation syndrome</Name>
                    </DisorderType>
                  </Disorder>
                  <ClassificationNodeChildList count="0">
                  </ClassificationNodeChildList>
                </ClassificationNode>
                <ClassificationNode>
                  <Disorder id="28850">
                    <OrphaCode>576278</OrphaCode>
                    <ExpertLink lang="en">http://www.orpha.net/consor/cgi-bin/OC_Exp.php?lng=en&amp;Expert=576278</ExpertLink>
                    <Name lang="en">SATB2-associated syndrome</Name>
                    <DisorderType id="21401">
                      <Name lang="en">Malformation syndrome</Name>
                    </DisorderType>
                  </Disorder>
                  <ClassificationNodeChildList count="2">
                    <ClassificationNode>
                      <Disorder id="19605">
                        <OrphaCode>251028</OrphaCode>
                        <ExpertLink lang="en">http://www.orpha.net/consor/cgi-bin/OC_Exp.php?lng=en&amp;Expert=251028</ExpertLink>
                        <Name lang="en">SATB2-associated syndrome due to a chromosomal rearrangement</Name>
                        <DisorderType id="21443">
                          <Name lang="en">Etiological subtype</Name>
                        </DisorderType>
                      </Disorder>
                      <ClassificationNodeChildList count="0">
                      </ClassificationNodeChildList>
                    </ClassificationNode>
                    <ClassificationNode>
                      <Disorder id="28851">
                        <OrphaCode>576283</OrphaCode>
                        <ExpertLink lang="en">http://www.orpha.net/consor/cgi-bin/OC_Exp.php?lng=en&amp;Expert=576283</ExpertLink>
                        <Name lang="en">SATB2-associated syndrome due to a pathogenic variant</Name>
                        <DisorderType id="21443">
                          <Name lang="en">Etiological subtype</Name>
                        </DisorderType>
                      </Disorder>
                      <ClassificationNodeChildList count="0">
                      </ClassificationNodeChildList>
                    </ClassificationNode>
                  </ClassificationNodeChildList>
                </ClassificationNode>
                <ClassificationNode>
                  <Disorder id="931">
                    <OrphaCode>627</OrphaCode>
                    <ExpertLink lang="en">http://www.orpha.net/consor/cgi-bin/OC_Exp.php?lng=en&amp;Expert=627</ExpertLink>
                    <Name lang="en">Nance-Horan syndrome</Name>
                    <DisorderType id="21401">
                      <Name lang="en">Malformation syndrome</Name>
                    </DisorderType>
                  </Disorder>
                  <ClassificationNodeChildList count="0">
                  </ClassificationNodeChildList>
                </ClassificationNode>
                <ClassificationNode>
                  <Disorder id="1198">
                    <OrphaCode>1946</OrphaCode>
                    <ExpertLink lang="en">http://www.orpha.net/consor/cgi-bin/OC_Exp.php?lng=en&amp;Expert=1946</ExpertLink>
                    <Name lang="en">Amelocerebrohypohidrotic syndrome</Name>
                    <DisorderType id="21401">
                      <Name lang="en">Malformation syndrome</Name>
                    </DisorderType>
                  </Disorder>
                  <ClassificationNodeChildList count="0">
                  </ClassificationNodeChildList>
                </ClassificationNode>
                <ClassificationNode>
                  <Disorder id="1297">
                    <OrphaCode>978</OrphaCode>
                    <ExpertLink lang="en">http://www.orpha.net/consor/cgi-bin/OC_Exp.php?lng=en&amp;Expert=978</ExpertLink>
                    <Name lang="en">ADULT syndrome</Name>
                    <DisorderType id="21401">
                      <Name lang="en">Malformation syndrome</Name>
                    </DisorderType>
                  </Disorder>
                  <ClassificationNodeChildList count="0">
                  </ClassificationNodeChildList>
                </ClassificationNode>
                <ClassificationNode>
                  <Disorder id="1339">
                    <OrphaCode>1031</OrphaCode>
                    <ExpertLink lang="en">http://www.orpha.net/consor/cgi-bin/OC_Exp.php?lng=en&amp;Expert=1031</ExpertLink>
                    <Name lang="en">Enamel-renal syndrome</Name>
                    <DisorderType id="21401">
                      <Name lang="en">Malformation syndrome</Name>
                    </DisorderType>
                  </Disorder>
                  <ClassificationNodeChildList count="0">
                  </ClassificationNodeChildList>
                </ClassificationNode>
                <ClassificationNode>
                  <Disorder id="1728">
                    <OrphaCode>3196</OrphaCode>
                    <ExpertLink lang="en">http://www.orpha.net/consor/cgi-bin/OC_Exp.php?lng=en&amp;Expert=3196</ExpertLink>
                    <Name lang="en">Steroid dehydrogenase deficiency-dental anomalies syndrome</Name>
                    <DisorderType id="21394">
                      <Name lang="en">Disease</Name>
                    </DisorderType>
                  </Disorder>
                  <ClassificationNodeChildList count="0">
                  </ClassificationNodeChildList>
                </ClassificationNode>
                <ClassificationNode>
                  <Disorder id="1749">
                    <OrphaCode>1660</OrphaCode>
                    <ExpertLink lang="en">http://www.orpha.net/consor/cgi-bin/OC_Exp.php?lng=en&amp;Expert=1660</ExpertLink>
                    <Name lang="en">Dermoodontodysplasia</Name>
                    <DisorderType id="21401">
                      <Name lang="en">Malformation syndrome</Name>
                    </DisorderType>
                  </Disorder>
                  <ClassificationNodeChildList count="0">
                  </ClassificationNodeChildList>
                </ClassificationNode>
                <ClassificationNode>
                  <Disorder id="1804">
                    <OrphaCode>1811</OrphaCode>
                    <ExpertLink lang="en">http://www.orpha.net/consor/cgi-bin/OC_Exp.php?lng=en&amp;Expert=1811</ExpertLink>
                    <Name lang="en">Odontomicronychial dysplasia</Name>
                    <DisorderType id="21401">
                      <Name lang="en">Malformation syndrome</Name>
                    </DisorderType>
                  </Disorder>
                  <ClassificationNodeChildList count="0">
                  </ClassificationNodeChildList>
                </ClassificationNode>
                <ClassificationNode>
                  <Disorder id="1844">
                    <OrphaCode>1873</OrphaCode>
                    <ExpertLink lang="en">http://www.orpha.net/consor/cgi-bin/OC_Exp.php?lng=en&amp;Expert=1873</ExpertLink>
                    <Name lang="en">Jalili syndrome</Name>
                    <DisorderType id="21401">
                      <Name lang="en">Malformation syndrome</Name>
                    </DisorderType>
                  </Disorder>
                  <ClassificationNodeChildList count="0">
                  </ClassificationNodeChildList>
                </ClassificationNode>
                <ClassificationNode>
                  <Disorder id="1854">
                    <OrphaCode>1818</OrphaCode>
                    <ExpertLink lang="en">http://www.orpha.net/consor/cgi-bin/OC_Exp.php?lng=en&amp;Expert=1818</ExpertLink>
                    <Name lang="en">Ectodermal dysplasia, trichoodontoonychial type</Name>
                    <DisorderType id="21401">
                      <Name lang="en">Malformation syndrome</Name>
                    </DisorderType>
                  </Disorder>
                  <ClassificationNodeChildList count="0">
                  </ClassificationNodeChildList>
                </ClassificationNode>
                <ClassificationNode>
                  <Disorder id="1934">
                    <OrphaCode>1997</OrphaCode>
                    <ExpertLink lang="en">http://www.orpha.net/consor/cgi-bin/OC_Exp.php?lng=en&amp;Expert=1997</ExpertLink>
                    <Name lang="en">Blepharo-cheilo-odontic syndrome</Name>
                    <DisorderType id="21401">
                      <Name lang="en">Malformation syndrome</Name>
                    </DisorderType>
                  </Disorder>
                  <ClassificationNodeChildList count="0">
                  </ClassificationNodeChildList>
                </ClassificationNode>
                <ClassificationNode>
                  <Disorder id="1946">
                    <OrphaCode>2010</OrphaCode>
                    <ExpertLink lang="en">http://www.orpha.net/consor/cgi-bin/OC_Exp.php?lng=en&amp;Expert=2010</ExpertLink>
                    <Name lang="en">Cleft palate-stapes fixation-oligodontia syndrome</Name>
                    <DisorderType id="21401">
                      <Name lang="en">Malformation syndrome</Name>
                    </DisorderType>
                  </Disorder>
                  <ClassificationNodeChildList count="0">
                  </ClassificationNodeChildList>
                </ClassificationNode>
                <ClassificationNode>
                  <Disorder id="1956">
                    <OrphaCode>2025</OrphaCode>
                    <ExpertLink lang="en">http://www.orpha.net/consor/cgi-bin/OC_Exp.php?lng=en&amp;Expert=2025</ExpertLink>
                    <Name lang="en">Gingival fibromatosis-facial dysmorphism syndrome</Name>
                    <DisorderType id="21401">
                      <Name lang="en">Malformation syndrome</Name>
                    </DisorderType>
                  </Disorder>
                  <ClassificationNodeChildList count="0">
                  </ClassificationNodeChildList>
                </ClassificationNode>
                <ClassificationNode>
                  <Disorder id="1957">
                    <OrphaCode>2026</OrphaCode>
                    <ExpertLink lang="en">http://www.orpha.net/consor/cgi-bin/OC_Exp.php?lng=en&amp;Expert=2026</ExpertLink>
                    <Name lang="en">Gingival fibromatosis-hypertrichosis syndrome</Name>
                    <DisorderType id="21401">
                      <Name lang="en">Malformation syndrome</Name>
                    </DisorderType>
                  </Disorder>
                  <ClassificationNodeChildList count="0">
                  </ClassificationNodeChildList>
                </ClassificationNode>
                <ClassificationNode>
                  <Disorder id="1958">
                    <OrphaCode>2027</OrphaCode>
                    <ExpertLink lang="en">http://www.orpha.net/consor/cgi-bin/OC_Exp.php?lng=en&amp;Expert=2027</ExpertLink>
                    <Name lang="en">Gingival fibromatosis-progressive deafness syndrome</Name>
                    <DisorderType id="21401">
                      <Name lang="en">Malformation syndrome</Name>
                    </DisorderType>
                  </Disorder>
                  <ClassificationNodeChildList count="0">
                  </ClassificationNodeChildList>
                </ClassificationNode>
                <ClassificationNode>
                  <Disorder id="1959">
                    <OrphaCode>2028</OrphaCode>
                    <ExpertLink lang="en">http://www.orpha.net/consor/cgi-bin/OC_Exp.php?lng=en&amp;Expert=2028</ExpertLink>
                    <Name lang="en">Juvenile hyaline fibromatosis</Name>
                    <DisorderType id="21450">
                      <Name lang="en">Clinical subtype</Name>
                    </DisorderType>
                  </Disorder>
                  <ClassificationNodeChildList count="0">
                  </ClassificationNodeChildList>
                </ClassificationNode>
                <ClassificationNode>
                  <Disorder id="1985">
                    <OrphaCode>2067</OrphaCode>
                    <ExpertLink lang="en">http://www.orpha.net/consor/cgi-bin/OC_Exp.php?lng=en&amp;Expert=2067</ExpertLink>
                    <Name lang="en">GAPO syndrome</Name>
                    <DisorderType id="21401">
                      <Name lang="en">Malformation syndrome</Name>
                    </DisorderType>
                  </Disorder>
                  <ClassificationNodeChildList count="0">
                  </ClassificationNodeChildList>
                </ClassificationNode>
                <ClassificationNode>
                  <Disorder id="2102">
                    <OrphaCode>2228</OrphaCode>
                    <ExpertLink lang="en">http://www.orpha.net/consor/cgi-bin/OC_Exp.php?lng=en&amp;Expert=2228</ExpertLink>
                    <Name lang="en">Hypodontia-dysplasia of nails syndrome</Name>
                    <DisorderType id="21401">
                      <Name lang="en">Malformation syndrome</Name>
                    </DisorderType>
                  </Disorder>
                  <ClassificationNodeChildList count="0">
                  </ClassificationNodeChildList>
                </ClassificationNode>
                <ClassificationNode>
                  <Disorder id="2184">
                    <OrphaCode>2332</OrphaCode>
                    <ExpertLink lang="en">http://www.orpha.net/consor/cgi-bin/OC_Exp.php?lng=en&amp;Expert=2332</ExpertLink>
                    <Name lang="en">KBG syndrome</Name>
                    <DisorderType id="21401">
                      <Name lang="en">Malformation syndrome</Name>
                    </DisorderType>
                  </Disorder>
                  <ClassificationNodeChildList count="0">
                  </ClassificationNodeChildList>
                </ClassificationNode>
                <ClassificationNode>
                  <Disorder id="2194">
                    <OrphaCode>2342</OrphaCode>
                    <ExpertLink lang="en">http://www.orpha.net/consor/cgi-bin/OC_Exp.php?lng=en&amp;Expert=2342</ExpertLink>
                    <Name lang="en">Haim-Munk syndrome</Name>
                    <DisorderType id="21394">
                      <Name lang="en">Disease</Name>
                    </DisorderType>
                  </Disorder>
                  <ClassificationNodeChildList count="0">
                  </ClassificationNodeChildList>
                </ClassificationNode>
                <ClassificationNode>
                  <Disorder id="2207">
                    <OrphaCode>2363</OrphaCode>
                    <ExpertLink lang="en">http://www.orpha.net/consor/cgi-bin/OC_Exp.php?lng=en&amp;Expert=2363</ExpertLink>
                    <Name lang="en">Lacrimoauriculodentodigital syndrome</Name>
                    <DisorderType id="21401">
                      <Name lang="en">Malformation syndrome</Name>
                    </DisorderType>
                  </Disorder>
                  <ClassificationNodeChildList count="0">
                  </ClassificationNodeChildList>
                </ClassificationNode>
                <ClassificationNode>
                  <Disorder id="2363">
                    <OrphaCode>2561</OrphaCode>
                    <ExpertLink lang="en">http://www.orpha.net/consor/cgi-bin/OC_Exp.php?lng=en&amp;Expert=2561</ExpertLink>
                    <Name lang="en">Pyramidal molars-abnormal upper lip syndrome</Name>
                    <DisorderType id="21401">
                      <Name lang="en">Malformation syndrome</Name>
                    </DisorderType>
                  </Disorder>
                  <ClassificationNodeChildList count="0">
                  </ClassificationNodeChildList>
                </ClassificationNode>
                <ClassificationNode>
                  <Disorder id="2470">
                    <OrphaCode>2709</OrphaCode>
                    <ExpertLink lang="en">http://www.orpha.net/consor/cgi-bin/OC_Exp.php?lng=en&amp;Expert=2709</ExpertLink>
                    <Name lang="en">Oculodental syndrome, Rutherfurd type</Name>
                    <DisorderType id="21401">
                      <Name lang="en">Malformation syndrome</Name>
                    </DisorderType>
                  </Disorder>
                  <ClassificationNodeChildList count="0">
                  </ClassificationNodeChildList>
                </ClassificationNode>
                <ClassificationNode>
                  <Disorder id="2471">
                    <OrphaCode>2710</OrphaCode>
                    <ExpertLink lang="en">http://www.orpha.net/consor/cgi-bin/OC_Exp.php?lng=en&amp;Expert=2710</ExpertLink>
                    <Name lang="en">Oculodentodigital dysplasia</Name>
                    <DisorderType id="21401">
                      <Name lang="en">Malformation syndrome</Name>
                    </DisorderType>
                  </Disorder>
                  <ClassificationNodeChildList count="0">
                  </ClassificationNodeChildList>
                </ClassificationNode>
                <ClassificationNode>
                  <Disorder id="2473">
                    <OrphaCode>2712</OrphaCode>
                    <ExpertLink lang="en">http://www.orpha.net/consor/cgi-bin/OC_Exp.php?lng=en&amp;Expert=2712</ExpertLink>
                    <Name lang="en">Oculofaciocardiodental syndrome</Name>
                    <DisorderType id="21401">
                      <Name lang="en">Malformation syndrome</Name>
                    </DisorderType>
                  </Disorder>
                  <ClassificationNodeChildList count="0">
                  </ClassificationNodeChildList>
                </ClassificationNode>
                <ClassificationNode>
                  <Disorder id="2480">
                    <OrphaCode>2719</OrphaCode>
                    <ExpertLink lang="en">http://www.orpha.net/consor/cgi-bin/OC_Exp.php?lng=en&amp;Expert=2719</ExpertLink>
                    <Name lang="en">Oculocerebral hypopigmentation syndrome, Cross type</Name>
                    <DisorderType id="21401">
                      <Name lang="en">Malformation syndrome</Name>
                    </DisorderType>
                  </Disorder>
                  <ClassificationNodeChildList count="0">
                  </ClassificationNodeChildList>
                </ClassificationNode>
                <ClassificationNode>
                  <Disorder id="2482">
                    <OrphaCode>2721</OrphaCode>
                    <ExpertLink lang="en">http://www.orpha.net/consor/cgi-bin/OC_Exp.php?lng=en&amp;Expert=2721</ExpertLink>
                    <Name lang="en">Odonto-onycho-dermal dysplasia</Name>
                    <DisorderType id="21394">
                      <Name lang="en">Disease</Name>
                    </DisorderType>
                  </Disorder>
                  <ClassificationNodeChildList count="0">
                  </ClassificationNodeChildList>
                </ClassificationNode>
                <ClassificationNode>
                  <Disorder id="2483">
                    <OrphaCode>2722</OrphaCode>
                    <ExpertLink lang="en">http://www.orpha.net/consor/cgi-bin/OC_Exp.php?lng=en&amp;Expert=2722</ExpertLink>
                    <Name lang="en">Odonto-onycho dysplasia-alopecia syndrome</Name>
                    <DisorderType id="21401">
                      <Name lang="en">Malformation syndrome</Name>
                    </DisorderType>
                  </Disorder>
                  <ClassificationNodeChildList count="0">
                  </ClassificationNodeChildList>
                </ClassificationNode>
                <ClassificationNode>
                  <Disorder id="2484">
                    <OrphaCode>2723</OrphaCode>
                    <ExpertLink lang="en">http://www.orpha.net/consor/cgi-bin/OC_Exp.php?lng=en&amp;Expert=2723</ExpertLink>
                    <Name lang="en">Odontotrichomelic syndrome</Name>
                    <DisorderType id="21401">
                      <Name lang="en">Malformation syndrome</Name>
                    </DisorderType>
                  </Disorder>
                  <ClassificationNodeChildList count="0">
                  </ClassificationNodeChildList>
                </ClassificationNode>
                <ClassificationNode>
                  <Disorder id="2485">
                    <OrphaCode>2724</OrphaCode>
                    <ExpertLink lang="en">http://www.orpha.net/consor/cgi-bin/OC_Exp.php?lng=en&amp;Expert=2724</ExpertLink>
                    <Name lang="en">Odontomatosis-aortae esophagus stenosis syndrome</Name>
                    <DisorderType id="21401">
                      <Name lang="en">Malformation syndrome</Name>
                    </DisorderType>
                  </Disorder>
                  <ClassificationNodeChildList count="0">
                  </ClassificationNodeChildList>
                </ClassificationNode>
                <ClassificationNode>
                  <Disorder id="2539">
                    <OrphaCode>2791</OrphaCode>
                    <ExpertLink lang="en">http://www.orpha.net/consor/cgi-bin/OC_Exp.php?lng=en&amp;Expert=2791</ExpertLink>
                    <Name lang="en">Otodental syndrome</Name>
                    <DisorderType id="21401">
                      <Name lang="en">Malformation syndrome</Name>
                    </DisorderType>
                  </Disorder>
                  <ClassificationNodeChildList count="0">
                  </ClassificationNodeChildList>
                </ClassificationNode>
                <ClassificationNode>
                  <Disorder id="2551">
                    <OrphaCode>678</OrphaCode>
                    <ExpertLink lang="en">http://www.orpha.net/consor/cgi-bin/OC_Exp.php?lng=en&amp;Expert=678</ExpertLink>
                    <Name lang="en">Papillon-Lef�vre syndrome</Name>
                    <DisorderType id="21394">
                      <Name lang="en">Disease</Name>
                    </DisorderType>
                  </Disorder>
                  <ClassificationNodeChildList count="0">
                  </ClassificationNodeChildList>
                </ClassificationNode>
                <ClassificationNode>
                  <Disorder id="2620">
                    <OrphaCode>2892</OrphaCode>
                    <ExpertLink lang="en">http://www.orpha.net/consor/cgi-bin/OC_Exp.php?lng=en&amp;Expert=2892</ExpertLink>
                    <Name lang="en">Pilodental dysplasia-refractive errors syndrome</Name>
                    <DisorderType id="21401">
                      <Name lang="en">Malformation syndrome</Name>
                    </DisorderType>
                  </Disorder>
                  <ClassificationNodeChildList count="0">
                  </ClassificationNodeChildList>
                </ClassificationNode>
                <ClassificationNode>
                  <Disorder id="2625">
                    <OrphaCode>2899</OrphaCode>
                    <ExpertLink lang="en">http://www.orpha.net/consor/cgi-bin/OC_Exp.php?lng=en&amp;Expert=2899</ExpertLink>
                    <Name lang="en">Brachyolmia-amelogenesis imperfecta syndrome</Name>
                    <DisorderType id="21401">
                      <Name lang="en">Malformation syndrome</Name>
                    </DisorderType>
                  </Disorder>
                  <ClassificationNodeChildList count="0">
                  </ClassificationNodeChildList>
                </ClassificationNode>
                <ClassificationNode>
                  <Disorder id="2634">
                    <OrphaCode>2916</OrphaCode>
                    <ExpertLink lang="en">http://www.orpha.net/consor/cgi-bin/OC_Exp.php?lng=en&amp;Expert=2916</ExpertLink>
                    <Name lang="en">Postaxial polydactyly-dental and vertebral anomalies syndrome</Name>
                    <DisorderType id="21401">
                      <Name lang="en">Malformation syndrome</Name>
                    </DisorderType>
                  </Disorder>
                  <ClassificationNodeChildList count="0">
                  </ClassificationNodeChildList>
                </ClassificationNode>
                <ClassificationNode>
                  <Disorder id="2678">
                    <OrphaCode>2972</OrphaCode>
                    <ExpertLink lang="en">http://www.orpha.net/consor/cgi-bin/OC_Exp.php?lng=en&amp;Expert=2972</ExpertLink>
                    <Name lang="en">Non-eruption of teeth-maxillary hypoplasia-genu valgum syndrome</Name>
                    <DisorderType id="21401">
                      <Name lang="en">Malformation syndrome</Name>
                    </DisorderType>
                  </Disorder>
                  <ClassificationNodeChildList count="0">
                  </ClassificationNodeChildList>
                </ClassificationNode>
                <ClassificationNode>
                  <Disorder id="2715">
                    <OrphaCode>3019</OrphaCode>
                    <ExpertLink lang="en">http://www.orpha.net/consor/cgi-bin/OC_Exp.php?lng=en&amp;Expert=3019</ExpertLink>
                    <Name lang="en">Ramon syndrome</Name>
                    <DisorderType id="21401">
                      <Name lang="en">Malformation syndrome</Name>
                    </DisorderType>
                  </Disorder>
                  <ClassificationNodeChildList count="0">
                  </ClassificationNodeChildList>
                </ClassificationNode>
                <ClassificationNode>
                  <Disorder id="2856">
                    <OrphaCode>3184</OrphaCode>
                    <ExpertLink lang="en">http://www.orpha.net/consor/cgi-bin/OC_Exp.php?lng=en&amp;Expert=3184</ExpertLink>
                    <Name lang="en">Steatocystoma multiplex-natal teeth syndrome</Name>
                    <DisorderType id="21401">
                      <Name lang="en">Malformation syndrome</Name>
                    </DisorderType>
                  </Disorder>
                  <ClassificationNodeChildList count="0">
                  </ClassificationNodeChildList>
                </ClassificationNode>
                <ClassificationNode>
                  <Disorder id="2877">
                    <OrphaCode>3220</OrphaCode>
                    <ExpertLink lang="en">http://www.orpha.net/consor/cgi-bin/OC_Exp.php?lng=en&amp;Expert=3220</ExpertLink>
                    <Name lang="en">Deafness-enamel hypoplasia-nail defects syndrome</Name>
                    <DisorderType id="21401">
                      <Name lang="en">Malformation syndrome</Name>
                    </DisorderType>
                  </Disorder>
                  <ClassificationNodeChildList count="0">
                  </ClassificationNodeChildList>
                </ClassificationNode>
                <ClassificationNode>
                  <Disorder id="2890">
                    <OrphaCode>3230</OrphaCode>
                    <ExpertLink lang="en">http://www.orpha.net/consor/cgi-bin/OC_Exp.php?lng=en&amp;Expert=3230</ExpertLink>
                    <Name lang="en">Deafness-oligodontia syndrome</Name>
                    <DisorderType id="21401">
                      <Name lang="en">Malformation syndrome</Name>
                    </DisorderType>
                  </Disorder>
                  <ClassificationNodeChildList count="0">
                  </ClassificationNodeChildList>
                </ClassificationNode>
                <ClassificationNode>
                  <Disorder id="2970">
                    <OrphaCode>3351</OrphaCode>
                    <ExpertLink lang="en">http://www.orpha.net/consor/cgi-bin/OC_Exp.php?lng=en&amp;Expert=3351</ExpertLink>
                    <Name lang="en">Trichodental syndrome</Name>
                    <DisorderType id="21401">
                      <Name lang="en">Malformation syndrome</Name>
                    </DisorderType>
                  </Disorder>
                  <ClassificationNodeChildList count="0">
                  </ClassificationNodeChildList>
                </ClassificationNode>
                <ClassificationNode>
                  <Disorder id="2971">
                    <OrphaCode>3352</OrphaCode>
                    <ExpertLink lang="en">http://www.orpha.net/consor/cgi-bin/OC_Exp.php?lng=en&amp;Expert=3352</ExpertLink>
                    <Name lang="en">Tricho-dento-osseous syndrome</Name>
                    <DisorderType id="21401">
                      <Name lang="en">Malformation syndrome</Name>
                    </DisorderType>
                  </Disorder>
                  <ClassificationNodeChildList count="0">
                  </ClassificationNodeChildList>
                </ClassificationNode>
                <ClassificationNode>
                  <Disorder id="2972">
                    <OrphaCode>3353</OrphaCode>
                    <ExpertLink lang="en">http://www.orpha.net/consor/cgi-bin/OC_Exp.php?lng=en&amp;Expert=3353</ExpertLink>
                    <Name lang="en">Trichodermodysplasia-dental alterations syndrome</Name>
                    <DisorderType id="21401">
                      <Name lang="en">Malformation syndrome</Name>
                    </DisorderType>
                  </Disorder>
                  <ClassificationNodeChildList count="0">
                  </ClassificationNodeChildList>
                </ClassificationNode>
                <ClassificationNode>
                  <Disorder id="2974">
                    <OrphaCode>3355</OrphaCode>
                    <ExpertLink lang="en">http://www.orpha.net/consor/cgi-bin/OC_Exp.php?lng=en&amp;Expert=3355</ExpertLink>
                    <Name lang="en">Trichoodontoonychial dysplasia</Name>
                    <DisorderType id="21401">
                      <Name lang="en">Malformation syndrome</Name>
                    </DisorderType>
                  </Disorder>
                  <ClassificationNodeChildList count="0">
                  </ClassificationNodeChildList>
                </ClassificationNode>
                <ClassificationNode>
                  <Disorder id="28333">
                    <OrphaCode>562559</OrphaCode>
                    <ExpertLink lang="en">http://www.orpha.net/consor/cgi-bin/OC_Exp.php?lng=en&amp;Expert=562559</ExpertLink>
                    <Name lang="en">Anterior maxillary protrusion-strabismus-intellectual disability syndrome</Name>
                    <DisorderType id="21401">
                      <Name lang="en">Malformation syndrome</Name>
                    </DisorderType>
                  </Disorder>
                  <ClassificationNodeChildList count="0">
                  </ClassificationNodeChildList>
                </ClassificationNode>
                <ClassificationNode>
                  <Disorder id="3052">
                    <OrphaCode>3473</OrphaCode>
                    <ExpertLink lang="en">http://www.orpha.net/consor/cgi-bin/OC_Exp.php?lng=en&amp;Expert=3473</ExpertLink>
                    <Name lang="en">Zimmermann-Laband syndrome</Name>
                    <DisorderType id="21401">
                      <Name lang="en">Malformation syndrome</Name>
                    </DisorderType>
                  </Disorder>
                  <ClassificationNodeChildList count="0">
                  </ClassificationNodeChildList>
                </ClassificationNode>
                <ClassificationNode>
                  <Disorder id="12059">
                    <OrphaCode>90650</OrphaCode>
                    <ExpertLink lang="en">http://www.orpha.net/consor/cgi-bin/OC_Exp.php?lng=en&amp;Expert=90650</ExpertLink>
                    <Name lang="en">Otopalatodigital syndrome type 1</Name>
                    <DisorderType id="21401">
                      <Name lang="en">Malformation syndrome</Name>
                    </DisorderType>
                  </Disorder>
                  <ClassificationNodeChildList count="0">
                  </ClassificationNodeChildList>
                </ClassificationNode>
                <ClassificationNode>
                  <Disorder id="10664">
                    <OrphaCode>50944</OrphaCode>
                    <ExpertLink lang="en">http://www.orpha.net/consor/cgi-bin/OC_Exp.php?lng=en&amp;Expert=50944</ExpertLink>
                    <Name lang="en">Sch�pf-Schulz-Passarge syndrome</Name>
                    <DisorderType id="21394">
                      <Name lang="en">Disease</Name>
                    </DisorderType>
                  </Disorder>
                  <ClassificationNodeChildList count="0">
                  </ClassificationNodeChildList>
                </ClassificationNode>
                <ClassificationNode>
                  <Disorder id="10916">
                    <OrphaCode>69082</OrphaCode>
                    <ExpertLink lang="en">http://www.orpha.net/consor/cgi-bin/OC_Exp.php?lng=en&amp;Expert=69082</ExpertLink>
                    <Name lang="en">Odonto-tricho-ungual-digito-palmar syndrome</Name>
                    <DisorderType id="21401">
                      <Name lang="en">Malformation syndrome</Name>
                    </DisorderType>
                  </Disorder>
                  <ClassificationNodeChildList count="0">
                  </ClassificationNodeChildList>
                </ClassificationNode>
                <ClassificationNode>
                  <Disorder id="10917">
                    <OrphaCode>69083</OrphaCode>
                    <ExpertLink lang="en">http://www.orpha.net/consor/cgi-bin/OC_Exp.php?lng=en&amp;Expert=69083</ExpertLink>
                    <Name lang="en">Ectodermal dysplasia with natal teeth, Turnpenny type</Name>
                    <DisorderType id="21401">
                      <Name lang="en">Malformation syndrome</Name>
                    </DisorderType>
                  </Disorder>
                  <ClassificationNodeChildList count="0">
                  </ClassificationNodeChildList>
                </ClassificationNode>
                <ClassificationNode>
                  <Disorder id="11156">
                    <OrphaCode>79129</OrphaCode>
                    <ExpertLink lang="en">http://www.orpha.net/consor/cgi-bin/OC_Exp.php?lng=en&amp;Expert=79129</ExpertLink>
                    <Name lang="en">Trichodysplasia-amelogenesis imperfecta syndrome</Name>
                    <DisorderType id="21401">
                      <Name lang="en">Malformation syndrome</Name>
                    </DisorderType>
                  </Disorder>
                  <ClassificationNodeChildList count="0">
                  </ClassificationNodeChildList>
                </ClassificationNode>
                <ClassificationNode>
                  <Disorder id="14379">
                    <OrphaCode>99806</OrphaCode>
                    <ExpertLink lang="en">http://www.orpha.net/consor/cgi-bin/OC_Exp.php?lng=en&amp;Expert=99806</ExpertLink>
                    <Name lang="en">Oculootodental syndrome</Name>
                    <DisorderType id="21401">
                      <Name lang="en">Malformation syndrome</Name>
                    </DisorderType>
                  </Disorder>
                  <ClassificationNodeChildList count="0">
                  </ClassificationNodeChildList>
                </ClassificationNode>
                <ClassificationNode>
                  <Disorder id="443">
                    <OrphaCode>1452</OrphaCode>
                    <ExpertLink lang="en">http://www.orpha.net/consor/cgi-bin/OC_Exp.php?lng=en&amp;Expert=1452</ExpertLink>
                    <Name lang="en">Cleidocranial dysplasia</Name>
                    <DisorderType id="21401">
                      <Name lang="en">Malformation syndrome</Name>
                    </DisorderType>
                  </Disorder>
                  <ClassificationNodeChildList count="0">
                  </ClassificationNodeChildList>
                </ClassificationNode>
                <ClassificationNode>
                  <Disorder id="12060">
                    <OrphaCode>90652</OrphaCode>
                    <ExpertLink lang="en">http://www.orpha.net/consor/cgi-bin/OC_Exp.php?lng=en&amp;Expert=90652</ExpertLink>
                    <Name lang="en">Otopalatodigital syndrome type 2</Name>
                    <DisorderType id="21401">
                      <Name lang="en">Malformation syndrome</Name>
                    </DisorderType>
                  </Disorder>
                  <ClassificationNodeChildList count="0">
                  </ClassificationNodeChildList>
                </ClassificationNode>
                <ClassificationNode>
                  <Disorder id="18155">
                    <OrphaCode>180766</OrphaCode>
                    <ExpertLink lang="en">http://www.orpha.net/consor/cgi-bin/OC_Exp.php?lng=en&amp;Expert=180766</ExpertLink>
                    <Name lang="en">Malformative syndrome with dentinogenesis imperfecta</Name>
                    <DisorderType id="36561">
                      <Name lang="en">Category</Name>
                    </DisorderType>
                  </Disorder>
                  <ClassificationNodeChildList count="4">
                    <ClassificationNode>
                      <Disorder id="1812">
                        <OrphaCode>1830</OrphaCode>
                        <ExpertLink lang="en">http://www.orpha.net/consor/cgi-bin/OC_Exp.php?lng=en&amp;Expert=1830</ExpertLink>
                        <Name lang="en">Schimke immuno-osseous dysplasia</Name>
                        <DisorderType id="21394">
                          <Name lang="en">Disease</Name>
                        </DisorderType>
                      </Disorder>
                      <ClassificationNodeChildList count="0">
                      </ClassificationNodeChildList>
                    </ClassificationNode>
                    <ClassificationNode>
                      <Disorder id="10989">
                        <OrphaCode>71267</OrphaCode>
                        <ExpertLink lang="en">http://www.orpha.net/consor/cgi-bin/OC_Exp.php?lng=en&amp;Expert=71267</ExpertLink>
                        <Name lang="en">Dentinogenesis imperfecta-short stature-hearing loss-intellectual disability syndrome</Name>
                        <DisorderType id="21401">
                          <Name lang="en">Malformation syndrome</Name>
                        </DisorderType>
                      </Disorder>
                      <ClassificationNodeChildList count="0">
                      </ClassificationNodeChildList>
                    </ClassificationNode>
                    <ClassificationNode>
                      <Disorder id="17626">
                        <OrphaCode>166272</OrphaCode>
                        <ExpertLink lang="en">http://www.orpha.net/consor/cgi-bin/OC_Exp.php?lng=en&amp;Expert=166272</ExpertLink>
                        <Name lang="en">Odontochondrodysplasia</Name>
                        <DisorderType id="21401">
                          <Name lang="en">Malformation syndrome</Name>
                        </DisorderType>
                      </Disorder>
                      <ClassificationNodeChildList count="0">
                      </ClassificationNodeChildList>
                    </ClassificationNode>
                    <ClassificationNode>
                      <Disorder id="17627">
                        <OrphaCode>166277</OrphaCode>
                        <ExpertLink lang="en">http://www.orpha.net/consor/cgi-bin/OC_Exp.php?lng=en&amp;Expert=166277</ExpertLink>
                        <Name lang="en">Wormian bone-multiple fractures-dentinogenesis imperfecta-skeletal dysplasia</Name>
                        <DisorderType id="21401">
                          <Name lang="en">Malformation syndrome</Name>
                        </DisorderType>
                      </Disorder>
                      <ClassificationNodeChildList count="0">
                      </ClassificationNodeChildList>
                    </ClassificationNode>
                  </ClassificationNodeChildList>
                </ClassificationNode>
                <ClassificationNode>
                  <Disorder id="20578">
                    <OrphaCode>284149</OrphaCode>
                    <ExpertLink lang="en">http://www.orpha.net/consor/cgi-bin/OC_Exp.php?lng=en&amp;Expert=284149</ExpertLink>
                    <Name lang="en">Craniosynostosis-dental anomalies</Name>
                    <DisorderType id="21401">
                      <Name lang="en">Malformation syndrome</Name>
                    </DisorderType>
                  </Disorder>
                  <ClassificationNodeChildList count="0">
                  </ClassificationNodeChildList>
                </ClassificationNode>
                <ClassificationNode>
                  <Disorder id="21134">
                    <OrphaCode>300576</OrphaCode>
                    <ExpertLink lang="en">http://www.orpha.net/consor/cgi-bin/OC_Exp.php?lng=en&amp;Expert=300576</ExpertLink>
                    <Name lang="en">Oligodontia-cancer predisposition syndrome</Name>
                    <DisorderType id="21394">
                      <Name lang="en">Disease</Name>
                    </DisorderType>
                  </Disorder>
                  <ClassificationNodeChildList count="0">
                  </ClassificationNodeChildList>
                </ClassificationNode>
                <ClassificationNode>
                  <Disorder id="21283">
                    <OrphaCode>307766</OrphaCode>
                    <ExpertLink lang="en">http://www.orpha.net/consor/cgi-bin/OC_Exp.php?lng=en&amp;Expert=307766</ExpertLink>
                    <Name lang="en">Curly hair-acral keratoderma-caries syndrome</Name>
                    <DisorderType id="21394">
                      <Name lang="en">Disease</Name>
                    </DisorderType>
                  </Disorder>
                  <ClassificationNodeChildList count="0">
                  </ClassificationNodeChildList>
                </ClassificationNode>
                <ClassificationNode>
                  <Disorder id="21289">
                    <OrphaCode>307936</OrphaCode>
                    <ExpertLink lang="en">http://www.orpha.net/consor/cgi-bin/OC_Exp.php?lng=en&amp;Expert=307936</ExpertLink>
                    <Name lang="en">Hypotrichosis-osteolysis-periodontitis-palmoplantar keratoderma syndrome</Name>
                    <DisorderType id="21394">
                      <Name lang="en">Disease</Name>
                    </DisorderType>
                  </Disorder>
                  <ClassificationNodeChildList count="0">
                  </ClassificationNodeChildList>
                </ClassificationNode>
                <ClassificationNode>
                  <Disorder id="22298">
                    <OrphaCode>363417</OrphaCode>
                    <ExpertLink lang="en">http://www.orpha.net/consor/cgi-bin/OC_Exp.php?lng=en&amp;Expert=363417</ExpertLink>
                    <Name lang="en">Temtamy preaxial brachydactyly syndrome</Name>
                    <DisorderType id="21401">
                      <Name lang="en">Malformation syndrome</Name>
                    </DisorderType>
                  </Disorder>
                  <ClassificationNodeChildList count="0">
                  </ClassificationNodeChildList>
                </ClassificationNode>
                <ClassificationNode>
                  <Disorder id="21494">
                    <OrphaCode>314555</OrphaCode>
                    <ExpertLink lang="en">http://www.orpha.net/consor/cgi-bin/OC_Exp.php?lng=en&amp;Expert=314555</ExpertLink>
                    <Name lang="en">Facial dysmorphism-ocular anomalies-osteopenia-intellectual disability-dental anomalies syndrome</Name>
                    <DisorderType id="21401">
                      <Name lang="en">Malformation syndrome</Name>
                    </DisorderType>
                  </Disorder>
                  <ClassificationNodeChildList count="0">
                  </ClassificationNodeChildList>
                </ClassificationNode>
                <ClassificationNode>
                  <Disorder id="29437">
                    <OrphaCode>589608</OrphaCode>
                    <ExpertLink lang="en">http://www.orpha.net/consor/cgi-bin/OC_Exp.php?lng=en&amp;Expert=589608</ExpertLink>
                    <Name lang="en">Linear hypopigmentation and craniofacial asymmetry with acral, ocular and brain anomalies</Name>
                    <DisorderType id="21394">
                      <Name lang="en">Disease</Name>
                    </DisorderType>
                  </Disorder>
                  <ClassificationNodeChildList count="0">
                  </ClassificationNodeChildList>
                </ClassificationNode>
                <ClassificationNode>
                  <Disorder id="29879">
                    <OrphaCode>598603</OrphaCode>
                    <ExpertLink lang="en">http://www.orpha.net/consor/cgi-bin/OC_Exp.php?lng=en&amp;Expert=598603</ExpertLink>
                    <Name lang="en">Facial dysmorphism-hypertrichosis-epilepsy-intellectual disability/developmental delay-gingival overgrowth syndrome</Name>
                    <DisorderType id="21401">
                      <Name lang="en">Malformation syndrome</Name>
                    </DisorderType>
                  </Disorder>
                  <ClassificationNodeChildList count="0">
                  </ClassificationNodeChildList>
                </ClassificationNode>
              </ClassificationNodeChildList>
            </ClassificationNode>
            <ClassificationNode>
              <Disorder id="17563">
                <OrphaCode>164001</OrphaCode>
                <ExpertLink lang="en">http://www.orpha.net/consor/cgi-bin/OC_Exp.php?lng=en&amp;Expert=164001</ExpertLink>
                <Name lang="en">Rare odontal or periodontal disorder</Name>
                <DisorderType id="36561">
                  <Name lang="en">Category</Name>
                </DisorderType>
              </Disorder>
              <ClassificationNodeChildList count="12">
                <ClassificationNode>
                  <Disorder id="1371">
                    <OrphaCode>1077</OrphaCode>
                    <ExpertLink lang="en">http://www.orpha.net/consor/cgi-bin/OC_Exp.php?lng=en&amp;Expert=1077</ExpertLink>
                    <Name lang="en">Dental ankylosis</Name>
                    <DisorderType id="21401">
                      <Name lang="en">Malformation syndrome</Name>
                    </DisorderType>
                  </Disorder>
                  <ClassificationNodeChildList count="0">
                  </ClassificationNodeChildList>
                </ClassificationNode>
                <ClassificationNode>
                  <Disorder id="1955">
                    <OrphaCode>2024</OrphaCode>
                    <ExpertLink lang="en">http://www.orpha.net/consor/cgi-bin/OC_Exp.php?lng=en&amp;Expert=2024</ExpertLink>
                    <Name lang="en">Hereditary gingival fibromatosis</Name>
                    <DisorderType id="21401">
                      <Name lang="en">Malformation syndrome</Name>
                    </DisorderType>
                  </Disorder>
                  <ClassificationNodeChildList count="0">
                  </ClassificationNodeChildList>
                </ClassificationNode>
                <ClassificationNode>
                  <Disorder id="2154">
                    <OrphaCode>2287</OrphaCode>
                    <ExpertLink lang="en">http://www.orpha.net/consor/cgi-bin/OC_Exp.php?lng=en&amp;Expert=2287</ExpertLink>
                    <Name lang="en">Fused mandibular incisors</Name>
                    <DisorderType id="21415">
                      <Name lang="en">Morphological anomaly</Name>
                    </DisorderType>
                  </Disorder>
                  <ClassificationNodeChildList count="0">
                  </ClassificationNodeChildList>
                </ClassificationNode>
                <ClassificationNode>
                  <Disorder id="10900">
                    <OrphaCode>67039</OrphaCode>
                    <ExpertLink lang="en">http://www.orpha.net/consor/cgi-bin/OC_Exp.php?lng=en&amp;Expert=67039</ExpertLink>
                    <Name lang="en">Segmental odontomaxillary dysplasia</Name>
                    <DisorderType id="21394">
                      <Name lang="en">Disease</Name>
                    </DisorderType>
                  </Disorder>
                  <ClassificationNodeChildList count="0">
                  </ClassificationNodeChildList>
                </ClassificationNode>
                <ClassificationNode>
                  <Disorder id="11569">
                    <OrphaCode>83450</OrphaCode>
                    <ExpertLink lang="en">http://www.orpha.net/consor/cgi-bin/OC_Exp.php?lng=en&amp;Expert=83450</ExpertLink>
                    <Name lang="en">Regional odontodysplasia</Name>
                    <DisorderType id="21394">
                      <Name lang="en">Disease</Name>
                    </DisorderType>
                  </Disorder>
                  <ClassificationNodeChildList count="0">
                  </ClassificationNodeChildList>
                </ClassificationNode>
                <ClassificationNode>
                  <Disorder id="11570">
                    <OrphaCode>83451</OrphaCode>
                    <ExpertLink lang="en">http://www.orpha.net/consor/cgi-bin/OC_Exp.php?lng=en&amp;Expert=83451</ExpertLink>
                    <Name lang="en">Florid cemento-osseous dysplasia</Name>
                    <DisorderType id="21394">
                      <Name lang="en">Disease</Name>
                    </DisorderType>
                  </Disorder>
                  <ClassificationNodeChildList count="0">
                  </ClassificationNodeChildList>
                </ClassificationNode>
                <ClassificationNode>
                  <Disorder id="11823">
                    <OrphaCode>88661</OrphaCode>
                    <ExpertLink lang="en">http://www.orpha.net/consor/cgi-bin/OC_Exp.php?lng=en&amp;Expert=88661</ExpertLink>
                    <Name lang="en">Amelogenesis imperfecta</Name>
                    <DisorderType id="21394">
                      <Name lang="en">Disease</Name>
                    </DisorderType>
                  </Disorder>
                  <ClassificationNodeChildList count="4">
                    <ClassificationNode>
                      <Disorder id="14604">
                        <OrphaCode>100031</OrphaCode>
                        <ExpertLink lang="en">http://www.orpha.net/consor/cgi-bin/OC_Exp.php?lng=en&amp;Expert=100031</ExpertLink>
                        <Name lang="en">Hypoplastic amelogenesis imperfecta</Name>
                        <DisorderType id="21450">
                          <Name lang="en">Clinical subtype</Name>
                        </DisorderType>
                      </Disorder>
                      <ClassificationNodeChildList count="0">
                      </ClassificationNodeChildList>
                    </ClassificationNode>
                    <ClassificationNode>
                      <Disorder id="14605">
                        <OrphaCode>100032</OrphaCode>
                        <ExpertLink lang="en">http://www.orpha.net/consor/cgi-bin/OC_Exp.php?lng=en&amp;Expert=100032</ExpertLink>
                        <Name lang="en">Hypocalcified amelogenesis imperfecta</Name>
                        <DisorderType id="21450">
                          <Name lang="en">Clinical subtype</Name>
                        </DisorderType>
                      </Disorder>
                      <ClassificationNodeChildList count="0">
                      </ClassificationNodeChildList>
                    </ClassificationNode>
                    <ClassificationNode>
                      <Disorder id="14606">
                        <OrphaCode>100033</OrphaCode>
                        <ExpertLink lang="en">http://www.orpha.net/consor/cgi-bin/OC_Exp.php?lng=en&amp;Expert=100033</ExpertLink>
                        <Name lang="en">Hypomaturation amelogenesis imperfecta</Name>
                        <DisorderType id="21450">
                          <Name lang="en">Clinical subtype</Name>
                        </DisorderType>
                      </Disorder>
                      <ClassificationNodeChildList count="0">
                      </ClassificationNodeChildList>
                    </ClassificationNode>
                    <ClassificationNode>
                      <Disorder id="14607">
                        <OrphaCode>100034</OrphaCode>
                        <ExpertLink lang="en">http://www.orpha.net/consor/cgi-bin/OC_Exp.php?lng=en&amp;Expert=100034</ExpertLink>
                        <Name lang="en">Hypomaturation-hypoplastic amelogenesis imperfecta with taurodontism</Name>
                        <DisorderType id="21450">
                          <Name lang="en">Clinical subtype</Name>
                        </DisorderType>
                      </Disorder>
                      <ClassificationNodeChildList count="0">
                      </ClassificationNodeChildList>
                    </ClassificationNode>
                  </ClassificationNodeChildList>
                </ClassificationNode>
                <ClassificationNode>
                  <Disorder id="14370">
                    <OrphaCode>99797</OrphaCode>
                    <ExpertLink lang="en">http://www.orpha.net/consor/cgi-bin/OC_Exp.php?lng=en&amp;Expert=99797</ExpertLink>
                    <Name lang="en">Anodontia</Name>
                    <DisorderType id="21415">
                      <Name lang="en">Morphological anomaly</Name>
                    </DisorderType>
                  </Disorder>
                  <ClassificationNodeChildList count="0">
                  </ClassificationNodeChildList>
                </ClassificationNode>
                <ClassificationNode>
                  <Disorder id="14371">
                    <OrphaCode>99798</OrphaCode>
                    <ExpertLink lang="en">http://www.orpha.net/consor/cgi-bin/OC_Exp.php?lng=en&amp;Expert=99798</ExpertLink>
                    <Name lang="en">Oligodontia</Name>
                    <DisorderType id="21415">
                      <Name lang="en">Morphological anomaly</Name>
                    </DisorderType>
                  </Disorder>
                  <ClassificationNodeChildList count="0">
                  </ClassificationNodeChildList>
                </ClassificationNode>
                <ClassificationNode>
                  <Disorder id="17686">
                    <OrphaCode>167759</OrphaCode>
                    <ExpertLink lang="en">http://www.orpha.net/consor/cgi-bin/OC_Exp.php?lng=en&amp;Expert=167759</ExpertLink>
                    <Name lang="en">Hereditary dentin defect</Name>
                    <DisorderType id="36561">
                      <Name lang="en">Category</Name>
                    </DisorderType>
                  </Disorder>
                  <ClassificationNodeChildList count="2">
                    <ClassificationNode>
                      <Disorder id="1743">
                        <OrphaCode>1653</OrphaCode>
                        <ExpertLink lang="en">http://www.orpha.net/consor/cgi-bin/OC_Exp.php?lng=en&amp;Expert=1653</ExpertLink>
                        <Name lang="en">Dentin dysplasia</Name>
                        <DisorderType id="21394">
                          <Name lang="en">Disease</Name>
                        </DisorderType>
                      </Disorder>
                      <ClassificationNodeChildList count="3">
                        <ClassificationNode>
                          <Disorder id="14362">
                            <OrphaCode>99789</OrphaCode>
                            <ExpertLink lang="en">http://www.orpha.net/consor/cgi-bin/OC_Exp.php?lng=en&amp;Expert=99789</ExpertLink>
                            <Name lang="en">Dentin dysplasia type I</Name>
                            <DisorderType id="21450">
                              <Name lang="en">Clinical subtype</Name>
                            </DisorderType>
                          </Disorder>
                          <ClassificationNodeChildList count="0">
                          </ClassificationNodeChildList>
                        </ClassificationNode>
                        <ClassificationNode>
                          <Disorder id="14364">
                            <OrphaCode>99791</OrphaCode>
                            <ExpertLink lang="en">http://www.orpha.net/consor/cgi-bin/OC_Exp.php?lng=en&amp;Expert=99791</ExpertLink>
                            <Name lang="en">Dentin dysplasia type II</Name>
                            <DisorderType id="21450">
                              <Name lang="en">Clinical subtype</Name>
                            </DisorderType>
                          </Disorder>
                          <ClassificationNodeChildList count="0">
                          </ClassificationNodeChildList>
                        </ClassificationNode>
                        <ClassificationNode>
                          <Disorder id="21521">
                            <OrphaCode>314721</OrphaCode>
                            <ExpertLink lang="en">http://www.orpha.net/consor/cgi-bin/OC_Exp.php?lng=en&amp;Expert=314721</ExpertLink>
                            <Name lang="en">Atypical dentin dysplasia due to SMOC2 deficiency</Name>
                            <DisorderType id="21450">
                              <Name lang="en">Clinical subtype</Name>
                            </DisorderType>
                          </Disorder>
                          <ClassificationNodeChildList count="0">
                          </ClassificationNodeChildList>
                        </ClassificationNode>
                      </ClassificationNodeChildList>
                    </ClassificationNode>
                    <ClassificationNode>
                      <Disorder id="10638">
                        <OrphaCode>49042</OrphaCode>
                        <ExpertLink lang="en">http://www.orpha.net/consor/cgi-bin/OC_Exp.php?lng=en&amp;Expert=49042</ExpertLink>
                        <Name lang="en">Dentinogenesis imperfecta</Name>
                        <DisorderType id="21394">
                          <Name lang="en">Disease</Name>
                        </DisorderType>
                      </Disorder>
                      <ClassificationNodeChildList count="2">
                        <ClassificationNode>
                          <Disorder id="17624">
                            <OrphaCode>166260</OrphaCode>
                            <ExpertLink lang="en">http://www.orpha.net/consor/cgi-bin/OC_Exp.php?lng=en&amp;Expert=166260</ExpertLink>
                            <Name lang="en">Dentinogenesis imperfecta type 2</Name>
                            <DisorderType id="21450">
                              <Name lang="en">Clinical subtype</Name>
                            </DisorderType>
                          </Disorder>
                          <ClassificationNodeChildList count="0">
                          </ClassificationNodeChildList>
                        </ClassificationNode>
                        <ClassificationNode>
                          <Disorder id="17625">
                            <OrphaCode>166265</OrphaCode>
                            <ExpertLink lang="en">http://www.orpha.net/consor/cgi-bin/OC_Exp.php?lng=en&amp;Expert=166265</ExpertLink>
                            <Name lang="en">Dentinogenesis imperfecta type 3</Name>
                            <DisorderType id="21450">
                              <Name lang="en">Clinical subtype</Name>
                            </DisorderType>
                          </Disorder>
                          <ClassificationNodeChildList count="0">
                          </ClassificationNodeChildList>
                        </ClassificationNode>
                      </ClassificationNodeChildList>
                    </ClassificationNode>
                  </ClassificationNodeChildList>
                </ClassificationNode>
                <ClassificationNode>
                  <Disorder id="23046">
                    <OrphaCode>412206</OrphaCode>
                    <ExpertLink lang="en">http://www.orpha.net/consor/cgi-bin/OC_Exp.php?lng=en&amp;Expert=412206</ExpertLink>
                    <Name lang="en">Primary failure of tooth eruption</Name>
                    <DisorderType id="21394">
                      <Name lang="en">Disease</Name>
                    </DisorderType>
                  </Disorder>
                  <ClassificationNodeChildList count="0">
                  </ClassificationNodeChildList>
                </ClassificationNode>
                <ClassificationNode>
                  <Disorder id="23478">
                    <OrphaCode>444072</OrphaCode>
                    <ExpertLink lang="en">http://www.orpha.net/consor/cgi-bin/OC_Exp.php?lng=en&amp;Expert=444072</ExpertLink>
                    <Name lang="en">Cerebellar-facial-dental syndrome</Name>
                    <DisorderType id="21401">
                      <Name lang="en">Malformation syndrome</Name>
                    </DisorderType>
                  </Disorder>
                  <ClassificationNodeChildList count="0">
                  </ClassificationNodeChildList>
                </ClassificationNode>
              </ClassificationNodeChildList>
            </ClassificationNode>
            <ClassificationNode>
              <Disorder id="21485">
                <OrphaCode>314425</OrphaCode>
                <ExpertLink lang="en">http://www.orpha.net/consor/cgi-bin/OC_Exp.php?lng=en&amp;Expert=314425</ExpertLink>
                <Name lang="en">Rare odontogenic tumor</Name>
                <DisorderType id="36561">
                  <Name lang="en">Category</Name>
                </DisorderType>
              </Disorder>
              <ClassificationNodeChildList count="3">
                <ClassificationNode>
                  <Disorder id="21483">
                    <OrphaCode>314419</OrphaCode>
                    <ExpertLink lang="en">http://www.orpha.net/consor/cgi-bin/OC_Exp.php?lng=en&amp;Expert=314419</ExpertLink>
                    <Name lang="en">Ameloblastoma</Name>
                    <DisorderType id="21394">
                      <Name lang="en">Disease</Name>
                    </DisorderType>
                  </Disorder>
                  <ClassificationNodeChildList count="0">
                  </ClassificationNodeChildList>
                </ClassificationNode>
                <ClassificationNode>
                  <Disorder id="21484">
                    <OrphaCode>314422</OrphaCode>
                    <ExpertLink lang="en">http://www.orpha.net/consor/cgi-bin/OC_Exp.php?lng=en&amp;Expert=314422</ExpertLink>
                    <Name lang="en">Ameloblastic carcinoma</Name>
                    <DisorderType id="21394">
                      <Name lang="en">Disease</Name>
                    </DisorderType>
                  </Disorder>
                  <ClassificationNodeChildList count="0">
                  </ClassificationNodeChildList>
                </ClassificationNode>
                <ClassificationNode>
                  <Disorder id="23542">
                    <OrphaCode>447777</OrphaCode>
                    <ExpertLink lang="en">http://www.orpha.net/consor/cgi-bin/OC_Exp.php?lng=en&amp;Expert=447777</ExpertLink>
                    <Name lang="en">Keratocystic odontogenic tumor</Name>
                    <DisorderType id="21394">
                      <Name lang="en">Disease</Name>
                    </DisorderType>
                  </Disorder>
                  <ClassificationNodeChildList count="0">
                  </ClassificationNodeChildList>
                </ClassificationNode>
              </ClassificationNodeChildList>
            </ClassificationNode>
          </ClassificationNodeChildList>
        </ClassificationNode>
      </ClassificationNodeRootList>
    </Classification>
  </ClassificationList>
</JDBOR>
